Derrick Rose,PG,Bulls,Basketball
Michael Jordan,SG,Bulls,Shoe
Scottie Pippen,SF,Bulls,Jersey
Dennis Rodman,PF,Bulls,Trophy
Joakim Noah,C,Bulls,Gatorade
Jason Williams,PG,Heat,Gatorade
Dwayne Wade,SG,Heat,Basketball
Jimmy Butler,SF,Heat,Shoe
Bam Adebayo,PF,Heat,Jersey
Chris Bosh,C,Heat,Trophy
Magic Johnson,PG,Lakers,Trophy
Kobe Bryant,SG,Lakers,Gatorade
James Worthy,SF,Lakers,Basketball
Pau Gasol,PF,Lakers,Shoe
Shaquille O'Neal,C,Lakers,Jersey
Kyrie Irving,PG,Cavaliers,Jersey
JR Smith,SG,Cavaliers,Trophy
LeBron James,SF,Cavaliers,Gatorade
Kevin Love,PF,Cavaliers,Basketball
Zydrunas Ilgauskas,C,Cavaliers,Shoe
Rajon Rondo,PG,Celtics,Shoe
Jayson Tatum,SG,Celtics,Jersey
Larry Bird,SF,Celtics,Trophy
Kevin Garnett,PF,Celtics,Gatorade
Bill Russell,C,Celtics,Basketball
Gary Payton,PG,Sonics,Basketball
Ray Allen,SG,Sonics,Shoe
Kevin Durant,SF,Sonics,Jersey
Shawn Kemp,PF,Sonics,Trophy
Jack Sikma,C,Sonics,Gatorade
Stephen Curry,PG,Warriors,Basketball
Klay Thompson,SG,Warriors,Shoe
Andre Iguodala,SF,Warriors,Jersey
Draymond Green,PF,Warriors,Trophy
Zaza Pachulia,C,Warriors,Gatorade
Russell Westbrook,PG,Rockets,Gatorade
James Harden,SG,Rockets,Basketball
Trevor Ariza,SF,Rockets,Shoe
Hakeem Olajuwon,PF,Rockets,Jersey
Yao Ming,C,Rockets,Trophy
Chris Paul,PG,Clippers,Trophy
JJ Redick,SG,Clippers,Gatorade
Paul Pierce,SF,Clippers,Basketball
Blake Griffin,PF,Clippers,Shoe
DeAndre Jordan,C,Clippers,Jersey
Steve Nash,PG,Suns,Jersey
Devin Booker,SG,Suns,Trophy
Shawn Marion,SF,Suns,Gatorade
Charles Barkley,PF,Suns,Basketball
Deandre Ayton,C,Suns,Shoe
RJ Barrett,PG,Knicks,Shoe
Walt Frazier,SG,Knicks,Jersey
Carmelo Anthony,SF,Knicks,Trophy
Kristaps Porzingis,PF,Knicks,Gatorade
Patrick Ewing,C,Knicks,Basketball
Kyle Lowry,PG,Raptors,Basketball
Vince Carter,SG,Raptors,Shoe
Kawhi Leonard,SF,Raptors,Jersey
Pascal Siakam,PF,Raptors,Trophy
Serge Ibaka,C,Raptors,Gatorade
Tony Parker,PG,Spurs,Gatorade
Manu Ginobili,SG,Spurs,Basketball
Demar Derozan,SF,Spurs,Shoe
Tim Duncan,PF,Spurs,Jersey
David Robinson,C,Spurs,Trophy
John Stockton,PG,Jazz,Trophy
Donovan Mitchell,SG,Jazz,Gatorade
Gordon Hayward,SF,Jazz,Basketball
Karl Malone,PF,Jazz,Shoe
Rudy Gobert,C,Jazz,Jersey
